{"cameraMode":{"drawMode":0,"name":"Shaded","section":"Shading Mode"},"sceneLighting":false,"audioPlay":false,"sceneViewState":{"m_AlwaysRefresh":false,"showFog":false,"showSkybox":false,"showFlares":false,"showImageEffects":false,"showParticleSystems":false,"showVisualEffectGraphs":true,"m_FxEnabled":true},"in2DMode":false,"pivot":{"x":-0.00000762939453125,"y":-0.00011444091796875,"z":-0.26221466064453127},"rotation":{"x":0.13353556394577027,"y":-0.14041578769683839,"z":0.019130555912852289,"w":0.980872392654419},"size":136.30995178222657,"orthographic":false}