{"cameraMode":{"drawMode":0,"name":"Shaded","section":"Shading Mode"},"sceneLighting":false,"audioPlay":false,"sceneViewState":{"m_AlwaysRefresh":false,"showFog":false,"showSkybox":false,"showFlares":false,"showImageEffects":false,"showParticleSystems":false,"showVisualEffectGraphs":true,"m_FxEnabled":true},"in2DMode":false,"pivot":{"x":0.0007782578468322754,"y":1.0579091310501099,"z":-0.005291581153869629},"rotation":{"x":0.12231910973787308,"y":0.10432050377130509,"z":-0.012914711609482766,"w":0.986920952796936},"size":1.3725082874298096,"orthographic":false}