{"cameraMode":{"drawMode":0,"name":"Shaded","section":"Shading Mode"},"sceneLighting":false,"audioPlay":false,"sceneViewState":{"m_AlwaysRefresh":false,"showFog":false,"showSkybox":false,"showFlares":false,"showImageEffects":false,"showParticleSystems":false,"showVisualEffectGraphs":true,"m_FxEnabled":true},"in2DMode":false,"pivot":{"x":-0.018183719366788865,"y":0.05885009467601776,"z":-0.012530102394521237},"rotation":{"x":-0.007067753933370113,"y":-0.9906340837478638,"z":0.05532804876565933,"w":-0.12498891353607178},"size":0.24755102396011353,"orthographic":false}