{"cameraMode":{"drawMode":0,"name":"Shaded","section":"Shading Mode"},"sceneLighting":false,"audioPlay":false,"sceneViewState":{"m_AlwaysRefresh":false,"showFog":true,"showSkybox":false,"showFlares":true,"showImageEffects":true,"showParticleSystems":true,"showVisualEffectGraphs":true,"m_FxEnabled":true},"in2DMode":false,"pivot":{"x":-31.847625732421876,"y":5.338827133178711,"z":-88.47842407226563},"rotation":{"x":-0.17013844847679139,"y":0.061249956488609317,"z":-0.010703795589506626,"w":-0.9835008382797241},"size":5.553281307220459,"orthographic":false}