{"cameraMode":{"drawMode":0,"name":"Shaded","section":"Shading Mode"},"sceneLighting":false,"audioPlay":false,"sceneViewState":{"m_AlwaysRefresh":false,"showFog":false,"showSkybox":false,"showFlares":false,"showImageEffects":false,"showParticleSystems":false,"showVisualEffectGraphs":true,"m_FxEnabled":true},"in2DMode":false,"pivot":{"x":5.587935447692871e-9,"y":-0.024424532428383828,"z":0.0023859795182943346},"rotation":{"x":0.05910748615860939,"y":-0.1351371556520462,"z":-0.0081218546256423,"w":-0.9890760183334351},"size":0.06425558775663376,"orthographic":false}