{"cameraMode":{"drawMode":0,"name":"Shaded","section":"Shading Mode"},"sceneLighting":true,"audioPlay":false,"sceneViewState":{"m_AlwaysRefresh":false,"showFog":true,"showSkybox":true,"showFlares":true,"showImageEffects":true,"showParticleSystems":true,"showVisualEffectGraphs":true,"m_FxEnabled":true},"in2DMode":false,"pivot":{"x":-49.550289154052737,"y":194.20761108398438,"z":469.48614501953127},"rotation":{"x":-0.06448107957839966,"y":0.09326499700546265,"z":-0.006057060323655605,"w":-0.9935407638549805},"size":0.5397437810897827,"orthographic":false}