{"cameraMode":{"drawMode":0,"name":"Shaded","section":"Shading Mode"},"sceneLighting":true,"audioPlay":false,"sceneViewState":{"m_AlwaysRefresh":false,"showFog":true,"showSkybox":true,"showFlares":true,"showImageEffects":true,"showParticleSystems":true,"showVisualEffectGraphs":true,"m_FxEnabled":true},"in2DMode":false,"pivot":{"x":-0.000032842159271240234,"y":0.7305867671966553,"z":0.13713055849075318},"rotation":{"x":-0.033096082508563998,"y":-0.8453662395477295,"z":0.05273869261145592,"w":-0.5305505990982056},"size":3.742760181427002,"orthographic":true}