{"cameraMode":{"drawMode":0,"name":"Shaded","section":"Shading Mode"},"sceneLighting":true,"audioPlay":false,"sceneViewState":{"m_AlwaysRefresh":false,"showFog":true,"showSkybox":true,"showFlares":true,"showImageEffects":true,"showParticleSystems":true,"showVisualEffectGraphs":true,"m_FxEnabled":true},"in2DMode":false,"pivot":{"x":-42.34218978881836,"y":5.567021369934082,"z":-84.92803192138672},"rotation":{"x":-0.03329087793827057,"y":0.020201802253723146,"z":-0.0007566620479337871,"w":-0.9992858171463013},"size":8.478660583496094,"orthographic":false}