{"cameraMode":{"drawMode":0,"name":"Shaded","section":"Shading Mode"},"sceneLighting":true,"audioPlay":false,"sceneViewState":{"m_AlwaysRefresh":false,"showFog":true,"showSkybox":true,"showFlares":true,"showImageEffects":true,"showParticleSystems":true,"showVisualEffectGraphs":true,"m_FxEnabled":true},"in2DMode":false,"pivot":{"x":0.1300048828125,"y":2.742156982421875,"z":-7.970001220703125},"rotation":{"x":-0.3034430742263794,"y":-0.0007899494958110154,"z":0.00025628195726312697,"w":-0.9528520107269287},"size":6.411355018615723,"orthographic":true}