{"cameraMode":{"drawMode":0,"name":"Shaded","section":"Shading Mode"},"sceneLighting":true,"audioPlay":false,"sceneViewState":{"m_AlwaysRefresh":false,"showFog":true,"showSkybox":true,"showFlares":true,"showImageEffects":true,"showParticleSystems":true,"showVisualEffectGraphs":true,"m_FxEnabled":true},"in2DMode":false,"pivot":{"x":-90.91923522949219,"y":24.839563369750978,"z":62.858741760253909},"rotation":{"x":0.15362314879894257,"y":0.7224789261817932,"z":-0.6523041725158691,"w":0.17015473544597627},"size":24.67875862121582,"orthographic":true}