{"cameraMode":{"drawMode":0,"name":"Shaded","section":"Shading Mode"},"sceneLighting":true,"audioPlay":false,"sceneViewState":{"m_AlwaysRefresh":false,"showFog":true,"showSkybox":true,"showFlares":true,"showImageEffects":true,"showParticleSystems":true,"showVisualEffectGraphs":true,"m_FxEnabled":true},"in2DMode":false,"pivot":{"x":116.18492889404297,"y":1.7318910360336304,"z":-210.42791748046876},"rotation":{"x":0.07527077943086624,"y":-0.9012042880058289,"z":0.17407818138599397,"w":0.3897864818572998},"size":8.378127098083496,"orthographic":false}