{"cameraMode":{"drawMode":0,"name":"Shaded","section":"Shading Mode"},"sceneLighting":true,"audioPlay":false,"sceneViewState":{"m_AlwaysRefresh":false,"showFog":true,"showSkybox":true,"showFlares":true,"showImageEffects":true,"showParticleSystems":true,"showVisualEffectGraphs":true,"m_FxEnabled":true},"in2DMode":false,"pivot":{"x":115.72441101074219,"y":4.478256702423096,"z":-184.7461700439453},"rotation":{"x":0.017329854890704156,"y":-0.20578792691230775,"z":0.0036479532718658449,"w":0.9784662127494812},"size":5.981191635131836,"orthographic":false}