{"cameraMode":{"drawMode":0,"name":"Shaded","section":"Shading Mode"},"sceneLighting":true,"audioPlay":false,"sceneViewState":{"m_AlwaysRefresh":false,"showFog":true,"showSkybox":true,"showFlares":true,"showImageEffects":true,"showParticleSystems":true,"showVisualEffectGraphs":true,"m_FxEnabled":true},"in2DMode":false,"pivot":{"x":97.74606323242188,"y":14.60746955871582,"z":-139.47671508789063},"rotation":{"x":0.05503404140472412,"y":-0.08763272315263748,"z":0.006562742870301008,"w":0.9951968789100647},"size":39.20392608642578,"orthographic":true}