{"cameraMode":{"drawMode":0,"name":"Shaded","section":"Shading Mode"},"sceneLighting":true,"audioPlay":false,"sceneViewState":{"m_AlwaysRefresh":false,"showFog":true,"showSkybox":true,"showFlares":true,"showImageEffects":true,"showParticleSystems":true,"showVisualEffectGraphs":true,"m_FxEnabled":true},"in2DMode":false,"pivot":{"x":-0.23249971866607667,"y":0.7921538352966309,"z":-0.22482430934906007},"rotation":{"x":-0.0755685418844223,"y":0.9025893807411194,"z":-0.17715424299240113,"w":-0.38501685857772829},"size":0.699996829032898,"orthographic":false}