{"cameraMode":{"drawMode":0,"name":"Shaded","section":"Shading Mode"},"sceneLighting":true,"audioPlay":false,"sceneViewState":{"m_AlwaysRefresh":false,"showFog":true,"showSkybox":true,"showFlares":true,"showImageEffects":true,"showParticleSystems":true,"showVisualEffectGraphs":true,"m_FxEnabled":true},"in2DMode":false,"pivot":{"x":124.69850158691406,"y":22.827823638916017,"z":-201.32723999023438},"rotation":{"x":-0.03774448484182358,"y":0.8889907002449036,"z":-0.07373080402612686,"w":-0.45115920901298525},"size":37.22752380371094,"orthographic":true}