{"cameraMode":{"drawMode":0,"name":"Shaded","section":"Shading Mode"},"sceneLighting":false,"audioPlay":false,"sceneViewState":{"m_AlwaysRefresh":false,"showFog":false,"showSkybox":false,"showFlares":false,"showImageEffects":false,"showParticleSystems":false,"showVisualEffectGraphs":true,"m_FxEnabled":true},"in2DMode":false,"pivot":{"x":0.005828380584716797,"y":4.581770420074463,"z":-0.02362978458404541},"rotation":{"x":0.0019786255434155466,"y":-0.9971676468849182,"z":-0.07211442291736603,"w":-0.02688409760594368},"size":7.018708229064941,"orthographic":false}