{"cameraMode":{"drawMode":0,"name":"Shaded","section":"Shading Mode"},"sceneLighting":false,"audioPlay":false,"sceneViewState":{"m_AlwaysRefresh":false,"showFog":false,"showSkybox":false,"showFlares":false,"showImageEffects":false,"showParticleSystems":false,"showVisualEffectGraphs":true,"m_FxEnabled":true},"in2DMode":false,"pivot":{"x":0.0000047907233238220218,"y":0.00023510679602622986,"z":0.004011326469480991},"rotation":{"x":-0.035586655139923099,"y":-0.6502318382263184,"z":0.03037789650261402,"w":-0.758352518081665},"size":0.04239330813288689,"orthographic":false}