{"cameraMode":{"drawMode":0,"name":"Shaded","section":"Shading Mode"},"sceneLighting":false,"audioPlay":false,"sceneViewState":{"m_AlwaysRefresh":false,"showFog":false,"showSkybox":false,"showFlares":false,"showImageEffects":false,"showParticleSystems":false,"showVisualEffectGraphs":true,"m_FxEnabled":true},"in2DMode":false,"pivot":{"x":-0.018061280250549318,"y":0.7236894369125366,"z":0.15889409184455872},"rotation":{"x":-0.08042815327644348,"y":-0.8241838812828064,"z":0.12100186944007874,"w":-0.547436535358429},"size":1.989508867263794,"orthographic":false}